id,name,description,country,region,city,locality,latitude,longitude,category,subcategory,rating,review_count,popularity_score,estimated_visit_duration,entry_fee,currency,opening_hours,best_time_to_visit,family_friendly,wheelchair_accessible,indoor_outdoor,estimated_cost,source,source_url
p001,Arashiyama Bamboo Grove,Serene bamboo paths and riverside scenery,Japan,Kansai,Kyoto,Arashiyama,35.0173,135.6713,Nature,Forest,4.7,18700,92,120,0,JPY,05:00-17:00,Early morning,true,false,Outdoor,0,Demo,https://www.japan.travel/
p002,Alfama Viewpoint,Layered city views over Lisbon rooftops,Portugal,Lisbon,Lisbon,Alfama,38.7139,-9.1301,Culture,Viewpoint,4.6,9200,85,60,0,EUR,Open daily,Sunset,true,false,Outdoor,0,Demo,https://www.visitlisboa.com/
p003,Chefchaouen Medina,Blue-washed lanes and artisan markets,Morocco,Tangier-Tetouan,Chefchaouen,Medina,35.1688,-5.2636,Culture,Old Town,4.8,6400,78,180,0,MAD,Open daily,Spring,true,false,Outdoor,15,Demo,https://www.visitmorocco.com/
p004,Plitvice Lakes National Park,Turquoise lakes connected by wooden walkways,Croatia,Lika-Senj,Plitvice Lakes,Park,44.8654,15.5820,Nature,Lakes,4.9,32000,96,300,40,EUR,07:00-20:00,May-September,true,false,Outdoor,25,Demo,https://np-plitvicka-jezera.hr/
p005,La Boqueria Market,Colorful food market off La Rambla,Spain,Catalonia,Barcelona,La Rambla,41.3817,2.1711,Food,Market,4.5,28300,91,90,0,EUR,08:00-20:30,Weekday mornings,true,true,Indoor,22,Demo,https://www.boqueria.barcelona/
p006,Queenstown Skyline,Mountain gondola and panoramic adventure views,New Zealand,Otago,Queenstown,Ben Lomond, -45.0312,168.6626,Adventure,Viewpoint,4.8,12000,88,180,69,NZD,09:30-20:30,Summer,true,true,Outdoor,95,Demo,https://www.queenstownnz.co.nz/
p007,St. Paul's Cathedral,Historic dome and panoramic city landmark,United Kingdom,England,London,City of London,51.5138,-0.0984,History,Cathedral,4.6,15800,89,120,25,GBP,08:30-16:30,Weekdays,true,true,Indoor,30,Demo,https://www.stpaulscathedral.org.uk/
p008,Jiufen Old Street,Mountain village known for tea houses and lanterns,Taiwan,New Taipei,New Taipei,Jiufen,25.1096,121.8456,Culture,Old Town,4.5,21200,86,150,0,TWD,Open daily,After rain,true,false,Outdoor,20,Demo,https://eng.taiwan.net.tw/
p009,Reykjavik Food Walk,Local seafood and Nordic tasting route,Iceland,Capital Region,Reykjavik,Center,64.1466,-21.9426,Food,Restaurant,4.7,3800,78,70,1500,ISK,11:00-21:00,Year-round,true,true,Indoor,80,Demo,https://visitreykjavik.is/
p010,Grand Bazaar,Historic covered market with thousands of shops,Turkey,Istanbul,Istanbul,Fatih,41.0108,28.9680,Shopping,Market,4.4,41000,95,180,0,TRY,08:30-19:00,Weekday mornings,true,false,Indoor,25,Demo,https://www.visitistanbul.com/
p011,Fushimi Inari Shrine,Shinto shrine known for its thousands of vermilion torii gates,Japan,Kansai,Kyoto,Fushimi,34.9671,135.7727,Culture,Shrine,4.7,28000,94,150,0,JPY,Open daily,Early morning,true,false,Outdoor,0,Reference,https://inari.jp/en/
p012,Kiyomizu-dera,Historic Buddhist temple with a wooden stage overlooking Kyoto,Japan,Kansai,Kyoto,Higashiyama,34.9949,135.7850,Culture,Temple,4.7,21000,93,120,400,JPY,06:00-18:00,Early morning,true,true,Outdoor,0,Reference,https://www.kiyomizudera.or.jp/en/
p013,Nishiki Market,Historic covered food market in central Kyoto,Japan,Kansai,Kyoto,Nakagyo,35.0050,135.7653,Food,Market,4.4,15000,86,120,0,JPY,10:00-18:00,Weekday morning,true,true,Indoor,25,Reference,https://www.japan.travel/en/uk/spot/1177/
p014,Nara Park,Large park known for free-roaming deer and nearby temples,Japan,Kansai,Nara,Nara Park,34.6851,135.8430,Nature,Park,4.6,19000,90,180,0,JPY,Open daily,Spring,true,true,Outdoor,10,Reference,https://www3.pref.nara.jp/park/
p015,Gion District,Traditional Kyoto district with preserved streets and teahouses,Japan,Kansai,Kyoto,Gion,35.0037,135.7788,Culture,Historic district,4.5,12000,85,120,0,JPY,Open daily,Evening,true,false,Outdoor,20,Reference,https://kyoto.travel/en/
p016,Borra Caves,Large limestone caves in the Ananthagiri Hills near Araku,India,Andhra Pradesh,Araku Valley,Ananthagiri,18.2800,83.0450,Nature,Caves,4.5,8500,88,120,60,INR,09:00-17:00,October-February,true,false,Indoor,60,Reference,https://allurisitharamaraju.ap.gov.in/
p017,Katiki Waterfalls,Forest waterfall reached by a short local trek near Borra Caves,India,Andhra Pradesh,Araku Valley,Katiki,18.2820,83.0550,Nature,Waterfall,4.4,4100,80,150,0,INR,Daylight hours,Post-monsoon,false,false,Outdoor,80,Reference,https://tourism.ap.gov.in/
p018,Araku Coffee Museum,Small museum presenting the coffee culture of the Araku region,India,Andhra Pradesh,Araku Valley,Araku,18.3273,82.8775,Food,Museum,4.2,2600,65,75,20,INR,09:00-18:00,Morning,true,true,Indoor,80,Reference,https://tourism.ap.gov.in/
p019,Tribal Museum Araku,Regional museum about tribal culture and crafts of the Eastern Ghats,India,Andhra Pradesh,Araku Valley,Araku,18.3278,82.8800,Culture,Museum,4.3,3400,70,90,20,INR,09:00-18:00,Morning,true,true,Indoor,50,Reference,https://tourism.ap.gov.in/
p020,Padmapuram Gardens,Botanical garden and toy train attraction in Araku Valley,India,Andhra Pradesh,Araku Valley,Araku,18.3265,82.8784,Nature,Garden,4.1,2200,60,90,40,INR,09:00-18:00,Afternoon,true,true,Outdoor,50,Reference,https://tourism.ap.gov.in/
p021,RK Beach,Popular urban beach and promenade in Visakhapatnam,India,Andhra Pradesh,Visakhapatnam,RK Beach,17.7148,83.3230,Nature,Beach,4.4,12000,86,120,0,INR,Open daily,Sunset,true,true,Outdoor,20,Reference,https://visakhapatnam.ap.gov.in/tourism/
p022,Kailasagiri Hill Park,Hilltop park with views over Visakhapatnam and the coast,India,Andhra Pradesh,Visakhapatnam,Kailasagiri,17.7475,83.3410,Nature,Park,4.5,9500,82,150,0,INR,06:00-21:00,Sunset,true,true,Outdoor,50,Reference,https://visakhapatnam.ap.gov.in/tourism/
p023,INS Kurusura Submarine Museum,Retired submarine museum on the Visakhapatnam coast,India,Andhra Pradesh,Visakhapatnam,RK Beach,17.7193,83.3227,History,Museum,4.5,6800,79,90,40,INR,14:00-20:30,Afternoon,true,true,Indoor,100,Reference,https://visakhapatnam.ap.gov.in/tourism/
p024,Yarada Beach,Scenic beach surrounded by hills south of Visakhapatnam,India,Andhra Pradesh,Visakhapatnam,Yarada,17.6587,83.2584,Nature,Beach,4.5,7300,78,150,0,INR,Open daily,Early morning,true,false,Outdoor,60,Reference,https://visakhapatnam.ap.gov.in/tourism/
p025,Charminar,Four-minaret monument and historic landmark in Hyderabad,India,Telangana,Hyderabad,Old City,17.3616,78.4747,History,Monument,4.5,22000,95,120,25,INR,09:30-17:30,Evening,true,true,Outdoor,100,Reference,https://tourism.telangana.gov.in/
p026,Golconda Fort,Historic fortified complex with panoramic views of Hyderabad,India,Telangana,Hyderabad,Golconda,17.3833,78.4011,History,Fort,4.5,18000,92,180,25,INR,09:00-17:30,Early morning,true,false,Outdoor,100,Reference,https://tourism.telangana.gov.in/
p027,Salar Jung Museum,Major museum with collections from around the world,India,Telangana,Hyderabad,Darulshifa,17.3714,78.4804,Culture,Museum,4.4,11000,82,150,20,INR,10:00-17:00,Weekday morning,true,true,Indoor,100,Reference,https://salarjungmuseum.in/
p028,Hussain Sagar Lake,Lake and promenade linking Hyderabad and Secunderabad,India,Telangana,Hyderabad,Hussain Sagar,17.4239,78.4738,Nature,Lake,4.3,9500,80,120,0,INR,Open daily,Sunset,true,true,Outdoor,80,Reference,https://tourism.telangana.gov.in/
p029,Tea Museum Munnar,Museum documenting the history of tea production in Munnar,India,Kerala,Munnar,Nallathanni,10.0892,77.0600,Culture,Museum,4.2,5200,72,90,125,INR,09:00-16:00,Morning,true,true,Indoor,150,Reference,https://www.keralatourism.org/
p030,Mattupetty Dam,Mountain lake and dam surrounded by tea estates near Munnar,India,Kerala,Munnar,Mattupetty,10.1050,77.1230,Nature,Lake,4.4,8400,78,120,0,INR,09:00-17:00,Morning,true,true,Outdoor,150,Reference,https://www.keralatourism.org/
p031,Eravikulam National Park,Protected mountain park known for Nilgiri tahr and rolling grasslands,India,Kerala,Munnar,Rajamalai,10.1540,77.0640,Nature,National park,4.5,10000,88,240,200,INR,07:30-16:00,February-May,true,false,Outdoor,300,Reference,https://www.keralatourism.org/
